{"name":"worldbank_climate-change-data","title":"Climate Change Data","description":"Data from World Development Indicators and Climate Change Knowledge Portal on climate systems, exposure to climate\n\nData from World Development Indicators and [Climate Change Knowledge Portal](http://sdwebx.worldbank.org/climateportal/) on climate systems, exposure to climate impacts, resilience, greenhouse gas emissions, and energy use.\n\nIn addition to the data available here and through the Climate Data API, the [Climate Change Knowledge Portal](http://sdwebx.worldbank.org/climateportal/) has a web interface to a collection of water indicators that may be used to assess the impact of climate change across over 8,000 water basins worldwide. You may use the web interface to download the data for any of these basins.\n\nHere is how to navigate to the water data:\n\n* Go to the Climate Change Knowledge Portal home page (http://climateknowledgeportal.worldbank.org/) \n* Click any region on the map Click a country In the navigation menu\n* Click \"Impacts\" and then \"Water\" Click the map to select a specific water basin \n* Click \"Click here to get access to data and indicators\" Please be sure to observe the disclaimers on the website regarding uncertainties and use of the water data.\n\nAttribution: Climate Change Data, World Bank Group.\n\nWorld Bank Data Catalog Terms of Use\n\n**_Source:_** http://data.worldbank.org/data-catalog/climate-change","homepage":"https://data.world/worldbank/climate-change-data","license":"other","resources":[{"name":"country","schema":{"fields":[{"name":"country_code","title":"Country code","type":"string","rdfType":"http://www.w3.org/2001/XMLSchema#string","dwSourceId":"country_code"},{"name":"country_name","title":"Country name","type":"string","rdfType":"http://www.w3.org/2001/XMLSchema#string","dwSourceId":"country_name"},{"name":"capital_city","title":"Capital city","type":"string","rdfType":"http://www.w3.org/2001/XMLSchema#string","dwSourceId":"capital_city"},{"name":"region","title":"Region","type":"string","rdfType":"http://www.w3.org/2001/XMLSchema#string","dwSourceId":"region"},{"name":"income_group","title":"Income group","type":"string","rdfType":"http://www.w3.org/2001/XMLSchema#string","dwSourceId":"income_group"},{"name":"lending_category","title":"Lending category","type":"string","rdfType":"http://www.w3.org/2001/XMLSchema#string","dwSourceId":"lending_category"}]},"path":"data/country.csv","format":"csv"},{"name":"data","schema":{"fields":[{"name":"country_code","title":"Country code","type":"string","rdfType":"http://www.w3.org/2001/XMLSchema#string","dwSourceId":"country_code"},{"name":"country_name","title":"Country name","type":"string","rdfType":"http://www.w3.org/2001/XMLSchema#string","dwSourceId":"country_name"},{"name":"series_code","title":"Series code","type":"string","rdfType":"http://www.w3.org/2001/XMLSchema#string","dwSourceId":"series_code"},{"name":"series_name","title":"Series name","type":"string","rdfType":"http://www.w3.org/2001/XMLSchema#string","dwSourceId":"series_name"},{"name":"scale","title":"SCALE","type":"string","rdfType":"http://www.w3.org/2001/XMLSchema#string","dwSourceId":"scale"},{"name":"decimals","title":"Decimals","type":"string","rdfType":"http://www.w3.org/2001/XMLSchema#string","dwSourceId":"decimals"},{"name":"1990","title":"1990","type":"number","rdfType":"http://www.w3.org/2001/XMLSchema#decimal","dwSourceId":"1990"},{"name":"1991","title":"1991","type":"number","rdfType":"http://www.w3.org/2001/XMLSchema#decimal","dwSourceId":"1991"},{"name":"1992","title":"1992","type":"number","rdfType":"http://www.w3.org/2001/XMLSchema#decimal","dwSourceId":"1992"},{"name":"1993","title":"1993","type":"number","rdfType":"http://www.w3.org/2001/XMLSchema#decimal","dwSourceId":"1993"},{"name":"1994","title":"1994","type":"number","rdfType":"http://www.w3.org/2001/XMLSchema#decimal","dwSourceId":"1994"},{"name":"1995","title":"1995","type":"number","rdfType":"http://www.w3.org/2001/XMLSchema#decimal","dwSourceId":"1995"},{"name":"1996","title":"1996","type":"number","rdfType":"http://www.w3.org/2001/XMLSchema#decimal","dwSourceId":"1996"},{"name":"1997","title":"1997","type":"number","rdfType":"http://www.w3.org/2001/XMLSchema#decimal","dwSourceId":"1997"},{"name":"1998","title":"1998","type":"number","rdfType":"http://www.w3.org/2001/XMLSchema#decimal","dwSourceId":"1998"},{"name":"1999","title":"1999","type":"number","rdfType":"http://www.w3.org/2001/XMLSchema#decimal","dwSourceId":"1999"},{"name":"2000","title":"2000","type":"number","rdfType":"http://www.w3.org/2001/XMLSchema#decimal","dwSourceId":"2000"},{"name":"2001","title":"2001","type":"number","rdfType":"http://www.w3.org/2001/XMLSchema#decimal","dwSourceId":"2001"},{"name":"2002","title":"2002","type":"number","rdfType":"http://www.w3.org/2001/XMLSchema#decimal","dwSourceId":"2002"},{"name":"2003","title":"2003","type":"number","rdfType":"http://www.w3.org/2001/XMLSchema#decimal","dwSourceId":"2003"},{"name":"2004","title":"2004","type":"number","rdfType":"http://www.w3.org/2001/XMLSchema#decimal","dwSourceId":"2004"},{"name":"2005","title":"2005","type":"number","rdfType":"http://www.w3.org/2001/XMLSchema#decimal","dwSourceId":"2005"},{"name":"2006","title":"2006","type":"number","rdfType":"http://www.w3.org/2001/XMLSchema#decimal","dwSourceId":"2006"},{"name":"2007","title":"2007","type":"number","rdfType":"http://www.w3.org/2001/XMLSchema#decimal","dwSourceId":"2007"},{"name":"2008","title":"2008","type":"number","rdfType":"http://www.w3.org/2001/XMLSchema#decimal","dwSourceId":"2008"},{"name":"2009","title":"2009","type":"number","rdfType":"http://www.w3.org/2001/XMLSchema#decimal","dwSourceId":"2009"},{"name":"2010","title":"2010","type":"number","rdfType":"http://www.w3.org/2001/XMLSchema#decimal","dwSourceId":"2010"},{"name":"2011","title":"2011","type":"string","rdfType":"http://www.w3.org/2001/XMLSchema#string","dwSourceId":"2011"}]},"path":"data/data.csv","format":"csv"},{"name":"series","schema":{"fields":[{"name":"series_code","title":"Series code","type":"string","rdfType":"http://www.w3.org/2001/XMLSchema#string","dwSourceId":"series_code"},{"name":"series_name","title":"Series name","type":"string","rdfType":"http://www.w3.org/2001/XMLSchema#string","dwSourceId":"series_name"},{"name":"scale","title":"Scale","type":"string","rdfType":"http://www.w3.org/2001/XMLSchema#string","dwSourceId":"scale"},{"name":"decimals","title":"Decimals","type":"string","rdfType":"http://www.w3.org/2001/XMLSchema#string","dwSourceId":"decimals"},{"name":"order","title":"Order","type":"integer","rdfType":"http://www.w3.org/2001/XMLSchema#integer","dwSourceId":"order"},{"name":"topic","title":"Topic","type":"string","rdfType":"http://www.w3.org/2001/XMLSchema#string","dwSourceId":"topic"},{"name":"definition","title":"Definition","type":"string","rdfType":"http://www.w3.org/2001/XMLSchema#string","dwSourceId":"definition"},{"name":"source","title":"Source","type":"string","rdfType":"http://www.w3.org/2001/XMLSchema#string","dwSourceId":"source"}]},"path":"data/series.csv","format":"csv"},{"name":"original/climate_change_download_0.xls","path":"original/climate_change_download_0.xls","format":"xls","mediatype":"application/vnd.ms-excel","bytes":4862464}],"keywords":["climate change","climate"]}